notes,count
Rural stretch,2
Large crowd expected,1
Traffic congestion managed,1
Dindi halt,1
Flag-off ceremony,1
Major food distribution zone,1
Firecracker control,1
VIP visit,1
Heat-related check posts,1
Evening jam,1
Final darshan crowd,1
Initial discipline,1
Traffic diversion,1
Bridge patrol,1
First aid camp,1
Small halt,1
Medical emergencies handled,1
Mayor rally joined,1
Scattered crowd,1
Mid-route control,1
Darshan final hours,1
Volunteer managed,1
Chowk congestion,1
Rerouting completed,1
Temporary barricades,1
Overnight halt,1
Water points,1
Sound system managed,1
Darshan line control,1
