volunteer_id,volunteer_name,age,gender,village_name,team_name,role,service_duration_days,is_senior_volunteer,daily_hours_committed,tasks_completed,disciplinary_flags,languages_spoken,certifications,availability_hours,motivation_score,group_leader,contact_number
V001,Amit Deshmukh,34,Male,Kunjirwadi,Seva Sena,Food Service,12,1,8,56,0,Marathi,Hygiene Training,6am-2pm,9,Sunil Patil,9890011122
V002,Pooja Kulkarni,28,Female,Theur,Suraksha Mandal,Crowd Management,10,0,6,48,0,Marathi,Hindi,First Aid,10am-6pm,8,Ankita Joshi,9822101123
V003,Ramesh Pawar,42,Male,Yavat,Medical Team,First Aid,14,1,7,66,0,Marathi,Hindi,First Aid,7am-3pm,10,Santosh More,9766523456
V004,Sneha Jadhav,24,Female,Daund,Seva Sena,Water Supply,8,0,5,32,0,Marathi,Hindi,None,2pm-8pm,7,Sunil Patil,9857412369
V005,Vikram Shinde,30,Male,Loni Kalbhor,Suraksha Mandal,Crowd Management,13,1,9,72,1,Marathi,Hindi,Spiritual Guide,8am-4pm,6,Ankita Joshi,9823376541
V006,Anjali Bhosale,27,Female,Uruli Kanchan,Medical Team,First Aid,11,0,6,44,0,Marathi,Hindi,First Aid,9am-5pm,9,Santosh More,9836578991
V007,Sachin Gaikwad,38,Male,Theur,Seva Sena,Food Service,15,1,8,70,0,Marathi,Hindi,Hygiene Training,6am-2pm,10,Sunil Patil,9800012457
V008,Meena Patil,22,Female,Daund,Volunteer Core,Cultural Program,7,0,5,29,0,Marathi,Hindi,English,None,12pm-8pm,8,Ankita Joshi,9811122445
V009,Harshad Koli,26,Male,Kunjirwadi,Medical Team,First Aid,9,0,7,36,0,Marathi,Hindi,First Aid,10am-6pm,7,Santosh More,9766622113
V010,Neha Sathe,35,Female,Theur,Seva Sena,Water Supply,12,1,6,52,0,Marathi,Hindi,Hygiene Training,7am-3pm,9,Sunil Patil,9844455512
V011,Ajay Patil,31,Male,Yavat,Suraksha Mandal,Crowd Management,13,1,8,64,0,Marathi,Hindi,Spiritual Guide,9am-5pm,8,Ankita Joshi,9823456789
V012,Kavita Joshi,25,Female,Loni Kalbhor,Volunteer Core,Cultural Program,6,0,4,28,0,Marathi,Hindi,None,2pm-8pm,8,Ankita Joshi,9834567210
V013,Rajendra Pawar,29,Male,Uruli Kanchan,Medical Team,First Aid,10,0,7,40,1,Marathi,Hindi,First Aid,10am-6pm,6,Santosh More,9773322110
V014,Shruti Patil,32,Female,Kunjirwadi,Seva Sena,Food Service,14,1,9,68,0,Marathi,Hindi,Hygiene Training,6am-2pm,9,Sunil Patil,9812345678
V015,Sanket Shinde,23,Male,Daund,Suraksha Mandal,Crowd Management,8,0,5,34,0,Marathi,Hindi,None,12pm-8pm,7,Ankita Joshi,9844123678
V016,Aarti More,36,Female,Theur,Volunteer Core,Cultural Program,11,1,6,54,0,Marathi,Hindi,English,Spiritual Guide,8am-4pm,10,Ankita Joshi,9834567890
V017,Rohan Salunkhe,27,Male,Yavat,Medical Team,First Aid,12,1,7,59,0,Marathi,Hindi,First Aid,10am-6pm,8,Santosh More,9811123456
V018,Komal Pawar,29,Female,Uruli Kanchan,Seva Sena,Water Supply,10,0,6,45,0,Marathi,Hindi,Hygiene Training,7am-3pm,8,Sunil Patil,9801234567
V019,Suresh Jagtap,40,Male,Kunjirwadi,Suraksha Mandal,Crowd Management,16,1,8,78,1,Marathi,Hindi,Spiritual Guide,9am-5pm,6,Ankita Joshi,9845678912
V020,Smita Karve,26,Female,Loni Kalbhor,Volunteer Core,Cultural Program,9,0,5,39,0,Marathi,Hindi,English,None,1pm-9pm,9,Ankita Joshi,9811223344
V021,Rahul Pawar,30,Male,Theur,Medical Team,First Aid,13,1,7,60,0,Marathi,Hindi,First Aid,8am-4pm,8,Santosh More,9876543210
V022,Priyanka Joshi,28,Female,Daund,Seva Sena,Food Service,10,0,6,42,0,Marathi,Hindi,Hygiene Training,6am-2pm,9,Sunil Patil,9867451230
V023,Nilesh Shinde,34,Male,Yavat,Suraksha Mandal,Crowd Management,14,1,9,70,0,Marathi,Hindi,Spiritual Guide,10am-6pm,9,Ankita Joshi,9856741236
V024,Deepali Jagtap,27,Female,Uruli Kanchan,Volunteer Core,Cultural Program,7,0,5,30,0,Marathi,Hindi,English,None,2pm-8pm,8,Ankita Joshi,9832104576
V025,Akshay Gawade,31,Male,Kunjirwadi,Medical Team,First Aid,11,1,7,50,0,Marathi,Hindi,First Aid,9am-5pm,8,Santosh More,9821345789
V026,Vaishnavi Shinde,25,Female,Theur,Seva Sena,Water Supply,9,0,6,36,0,Marathi,Hindi,Hygiene Training,7am-3pm,9,Sunil Patil,9802456712
V027,Girish Patil,39,Male,Loni Kalbhor,Suraksha Mandal,Crowd Management,15,1,8,74,0,Marathi,Hindi,Spiritual Guide,8am-4pm,9,Ankita Joshi,9813344556
V028,Ritika Jadhav,24,Female,Yavat,Volunteer Core,Cultural Program,6,0,4,26,0,Marathi,Hindi,None,1pm-9pm,8,Ankita Joshi,9834456677
V029,Mahesh Jagtap,33,Male,Daund,Medical Team,First Aid,12,1,7,58,0,Marathi,Hindi,First Aid,10am-6pm,9,Santosh More,9823456712
V030,Chaitali Pawar,29,Female,Uruli Kanchan,Seva Sena,Food Service,11,1,6,47,0,Marathi,Hindi,Hygiene Training,6am-2pm,9,Sunil Patil,9845566723
